{
  "em": 0.4,
  "f1": 0.5875609880315762,
  "prec": 0.5855735930735931,
  "recall": 0.6105714285714285,
  "sp_em": 0.0,
  "sp_f1": 0.0,
  "sp_prec": 0.0,
  "sp_recall": 0.0,
  "joint_em": 0.0,
  "joint_f1": 0.0,
  "joint_prec": 0.0,
  "joint_recall": 0.0
}
