{
  "em": 0.32,
  "f1": 0.47363158118111676,
  "prec": 0.4718928571428572,
  "recall": 0.508904761904762,
  "sp_em": 0.0,
  "sp_f1": 0.0,
  "sp_prec": 0.0,
  "sp_recall": 0.0,
  "joint_em": 0.0,
  "joint_f1": 0.0,
  "joint_prec": 0.0,
  "joint_recall": 0.0
}
