{
  "em": 0.21,
  "f1": 0.29071011083859377,
  "prec": 0.28835714285714287,
  "recall": 0.31123809523809526,
  "sp_em": 0.0,
  "sp_f1": 0.0,
  "sp_prec": 0.0,
  "sp_recall": 0.0,
  "joint_em": 0.0,
  "joint_f1": 0.0,
  "joint_prec": 0.0,
  "joint_recall": 0.0
}
