{"em": 0.36, "f1": 0.4971755368814192, "prec": 0.4971870239323799, "recall": 0.5384047619047618, "sp_em": 0.0, "sp_f1": 0.0, "sp_prec": 0.0, "sp_recall": 0.0, "joint_em": 0.0, "joint_f1": 0.0, "joint_prec": 0.0, "joint_recall": 0.0}
