{
  "em": 0.42,
  "f1": 0.5677146676852558,
  "prec": 0.5732456140350876,
  "recall": 0.5900714285714285,
  "sp_em": 0.0,
  "sp_f1": 0.0,
  "sp_prec": 0.0,
  "sp_recall": 0.0,
  "joint_em": 0.0,
  "joint_f1": 0.0,
  "joint_prec": 0.0,
  "joint_recall": 0.0
}
