{
  "em": 0.35,
  "f1": 0.492799804770393,
  "prec": 0.48277777777777786,
  "recall": 0.5285714285714286,
  "sp_em": 0.0,
  "sp_f1": 0.0,
  "sp_prec": 0.0,
  "sp_recall": 0.0,
  "joint_em": 0.0,
  "joint_f1": 0.0,
  "joint_prec": 0.0,
  "joint_recall": 0.0
}
