{
  "em": 0.39,
  "f1": 0.548883498854087,
  "prec": 0.5502694235588972,
  "recall": 0.5712380952380952,
  "sp_em": 0.0,
  "sp_f1": 0.0,
  "sp_prec": 0.0,
  "sp_recall": 0.0,
  "joint_em": 0.0,
  "joint_f1": 0.0,
  "joint_prec": 0.0,
  "joint_recall": 0.0
}
