{
  "em": 0.39,
  "f1": 0.5685847975553857,
  "prec": 0.5703571428571429,
  "recall": 0.5905714285714285,
  "sp_em": 0.0,
  "sp_f1": 0.0,
  "sp_prec": 0.0,
  "sp_recall": 0.0,
  "joint_em": 0.0,
  "joint_f1": 0.0,
  "joint_prec": 0.0,
  "joint_recall": 0.0
}
